{
  "eth-mainnet": {
    "connector": "",
    "crossChainCounter": "",
    "crossChainNft": "",
    "dai": "0x6b175474e89094c44da98b954eedeac495271d0f",
    "multiChainValue": "",
    "tss": "",
    "tssUpdater": "",
    "uniswapV2Router02": "0x7a250d5630B4cF539739dF2C5dAcb4c659F2488D",
    "uniswapV3NftManager": "0xC36442b4a4522E871399CD717aBDD847Ab11FE88",
    "uniswapV3Quoter": "0xb27308f9F90D607463bb33eA1BeBb41C27CE5AB6",
    "uniswapV3Router": "0xE592427A0AEce92De3Edee1F18E0157C05861564",
    "usdc": "0xA0b86991c6218b36c1d19D4a2e9Eb0cE3606eB48",
    "weth9": "0xC02aaA39b223FE8D0A0e5C4F27eAD9083C756Cc2",
    "zetaToken": "",
    "zetaTokenConsumerUniV2": ""
  }
}
