[
  {
    "constant": true,
    "inputs": [
      {
        "name": "deploymentAddress",
        "type": "address"
      }
    ],
    "name": "hasBeenDeployed",
    "outputs": [
      {
        "name": "",
        "type": "bool"
      }
    ],
    "payable": false,
    "stateMutability": "view",
    "type": "function"
  },
  {
    "constant": false,
    "inputs": [
      {
        "name": "salt",
        "type": "bytes32"
      },
      {
        "name": "initializationCode",
        "type": "bytes"
      }
    ],
    "name": "safeCreate2",
    "outputs": [
      {
        "name": "deploymentAddress",
        "type": "address"
      }
    ],
    "payable": true,
    "stateMutability": "payable",
    "type": "function"
  },
  {
    "constant": true,
    "inputs": [
      {
        "name": "salt",
        "type": "bytes32"
      },
      {
        "name": "initCode",
        "type": "bytes"
      }
    ],
    "name": "findCreate2Address",
    "outputs": [
      {
        "name": "deploymentAddress",
        "type": "address"
      }
    ],
    "payable": false,
    "stateMutability": "view",
    "type": "function"
  },
  {
    "constant": true,
    "inputs": [
      {
        "name": "salt",
        "type": "bytes32"
      },
      {
        "name": "initCodeHash",
        "type": "bytes32"
      }
    ],
    "name": "findCreate2AddressViaHash",
    "outputs": [
      {
        "name": "deploymentAddress",
        "type": "address"
      }
    ],
    "payable": false,
    "stateMutability": "view",
    "type": "function"
  }
]
