[
  {
    "inputs": [
      {
        "internalType": "address",
        "name": "caller",
        "type": "address"
      }
    ],
    "name": "CallerIsNotConnector",
    "type": "error"
  },
  {
    "inputs": [
      {
        "internalType": "address",
        "name": "caller",
        "type": "address"
      }
    ],
    "name": "CallerIsNotTss",
    "type": "error"
  },
  {
    "inputs": [
      {
        "internalType": "address",
        "name": "caller",
        "type": "address"
      }
    ],
    "name": "CallerIsNotTssOrUpdater",
    "type": "error"
  },
  {
    "inputs": [
      {
        "internalType": "address",
        "name": "caller",
        "type": "address"
      }
    ],
    "name": "CallerIsNotTssUpdater",
    "type": "error"
  },
  {
    "inputs": [],
    "name": "InvalidAddress",
    "type": "error"
  },
  {
    "inputs": [],
    "name": "ZetaTransferError",
    "type": "error"
  }
]
